نام درس,کد درس,تعداد واحد درس,کد پیش نیاز های درس,کد هم نیاز های درس
آزمایشگاه مدار و اندازه گیری,8101563,1,8101359,
آمار و احتمالات مهندسی,8101092,3,ریاضی ۲,
الکترو مغناطیس,8101072,3,فیزیک ۲,8101206
الکترونیک (۱),8101087,3,8101359,8101022
الکترونیک (۲),8101088,3,8101087,
مدارهای منطقی,8101367,3,8101347,
سیستم های دیجیتال (۱),8101894,3,8101359,
معماری کامپیوتر,8101423,3,8101367,
سیستم های دیجیتال (۲),8101778,3,8101894,
مدارهای الکتریکی (کامپیوتر),8101522,3,"فیزیک ۲ - معادلات دیفرانسیل",
مدارهای الکتریکی (۱),8101359,3,فیزیک ۲,"معادلات دیفرانسیل - 8101563"
مدارهای الکتریکی (۲),8101360,3,"8101359 - معادلات دیفرانسیل",
مبانی کامپیوتر و برنامه سازی,8101347,4,,
طراحی کامپایلر و زبان های برنامه نویسی,8101574,3,8101547,
برنامه سازی پیشرفته,8101119,3,8101347,
پروژه کارشناسی,8101782,3,گذراندن ۱۰۰ واحد درسی,
سیگنال ها و سیستم ها,8101538,3,8101206,
ریاضیات مهندسی,8101206,3,"ریاضی ۲ - معادلات دیفرانسیل",
زبان تخصصی,8101209,2,زبان خارجی,
ساختمان داده ها و الگوریتم ها,8101547,3,8101119,8101523
ریاضیات گسسته,8101523,3,8101347,
سیستم عامل,8101283,3,8101423,8101473
اصول سیستم های مخابراتی,8101891,3,"8101092 - 8101538",
ماشین های الکتریکی (۱),8101425,3,"8101359 - 8101072",
تحلیل سیستمهای انرژی الکتریکی (۱),8101893,3,8101425,
سیستم های کنترل خطی,8101224,3,8101538,8101698


